prac_Practitioner_ID,prac_Practitioner_Name,prac_License_Number,prac_NPI_Number,prac_License_Expiry_Date,prac_Date_of_Birth,prac_Gender,prac_Bank_Account_Number,prac_Contact_Number,prac_Email_Address,prac_Practice_Address_Line1,prac_Practice_Address_Line2,prac_Practice_City,prac_Practice_State,prac_Practice_Pincode,prac_Primary_Specialty,prac_Secondary_Specialty,prac_Taxonomy_Code,prac_Medical_School,prac_Graduation_Year,prac_Primary_Hospital_Affiliation,prac_Is_Solo_Practice,prac_Onboarding_Date,prac_Practitioner_Status,prac_Sanction_History_Details
PRAC-1000,Keya Ratta,MCI/WES/32949,3187003729,2027-06-15,1973-05-18,Other,534177300669,99940689225,keya.doc60@clinic.com,439 Kaul Road,,Howrah,West Bengal,784252,Pediatrics,Orthopedic Surgery,208000000X,Maulana Azad Medical College,2001,HOSP-0012,Y,2010-01-30,Active,
PRAC-1001,Purab Karnik,MCI/MAH/51365,4849635267,2029-03-27,1960-03-21,Male,661152534065,98331765783,purab.doc66@clinic.com,H.No. 60 Garg Path,,Mumbai,Maharashtra,405492,General Practice,Cardiology,208D00000X,Kasturba Medical College,1986,HOSP-0031,N,2017-06-23,Active,
PRAC-1002,Kismat Chaudhry,MCI/MAH/45811,1846565165,2025-12-06,1960-05-09,Male,834684567739,97534616074,kismat.doc48@clinic.com,340 Bhandari,,Nagpur,Maharashtra,443506,General Surgery,Pediatrics,208600000X,JIPMER,1984,HOSP-0048,N,1998-12-22,Active,
PRAC-1003,Hridaan Bahl,MCI/DEL/44959,6614502040,2028-12-09,1977-09-30,Female,937018108177,97354813720,hridaan.doc94@clinic.com,113- Apte Chowk,,New Delhi,Delhi,110066,Pediatrics,Orthopedic Surgery,208000000X,All India Institute of Medical Sciences,2002,HOSP-0028,Y,2019-02-24,Active,
PRAC-1004,Chirag Seth,MCI/KAR/68447,6551556721,2028-08-09,1986-12-25,Other,614753501415,99588240189,chirag.doc92@clinic.com,03/36- Shah Chowk,,Mysore,Karnataka,570043,Dermatology,Oncology,207N00000X,Christian Medical College,2016,HOSP-0045,N,2024-04-16,Active,
PRAC-1005,Myra Walla,MCI/KAR/93816,0598010790,2029-05-06,1986-07-07,Female,822700517912,97246351029,myra.doc10@clinic.com,H.No. 490 Dhillon Path,,Mysore,Karnataka,568996,General Practice,Cardiology,208D00000X,Armed Forces Medical College,2011,HOSP-0033,Y,2021-12-02,Active,
PRAC-1006,Ishita Ravel,MCI/MAH/58015,5648049515,2027-03-22,1992-05-28,Male,475535810897,98555424924,ishita.doc50@clinic.com,40/641 Krish Marg,Sandhu Ganj,Mumbai,Maharashtra,484562,Orthopedic Surgery,,207X00000X,Kasturba Medical College,2018,HOSP-0010,N,2024-01-21,Active,
PRAC-1007,Anahita Jha,MCI/WES/58096,7901470273,2026-11-15,1993-08-07,Female,588992755974,98709543220,anahita.doc41@clinic.com,H.No. 879 Mani Road,,Kolkata,West Bengal,769397,Pediatrics,,208000000X,Christian Medical College,2022,HOSP-0008,Y,2025-06-13,Active,
PRAC-1008,Neelofar Shetty,MCI/WES/44116,1568336715,2028-09-12,1966-03-12,Other,689799588824,98916728422,neelofar.doc28@clinic.com,48- Garg Marg,,Kolkata,West Bengal,734311,Orthopedic Surgery,,207X00000X,Maulana Azad Medical College,1994,HOSP-0032,Y,2024-11-17,Active,
PRAC-1009,Lavanya Gokhale,MCI/DEL/51889,9213349228,2029-02-09,1963-02-20,Male,364946922689,99868350055,lavanya.doc45@clinic.com,02 Deep Path,Chaudhary,New Delhi,Delhi,110087,Orthopedic Surgery,Neurology,207X00000X,Kasturba Medical College,1987,HOSP-0035,N,2005-12-31,Active,
PRAC-1010,Nehmat Madan,MCI/WES/36342,3669263219,2030-06-21,1961-01-09,Female,278324114657,97596471620,nehmat.doc31@clinic.com,H.No. 34 Chaudhary Path,,Kolkata,West Bengal,715907,Orthopedic Surgery,General Surgery,207X00000X,All India Institute of Medical Sciences,1985,HOSP-0024,N,1990-09-03,Active,
PRAC-1011,Nirvaan Ray,MCI/DEL/63843,3195585331,2028-09-09,1970-07-01,Female,364659529702,98758503592,nirvaan.doc74@clinic.com,52/82- Ghosh Street,Barman,New Delhi,Delhi,110067,Orthopedic Surgery,Neurology,207X00000X,Christian Medical College,1998,HOSP-0021,Y,2005-09-14,Active,
PRAC-1012,Faiyaz Grewal,MCI/WES/66704,3965022176,2027-06-03,1962-12-03,Female,003463764008,99159783506,faiyaz.doc8@clinic.com,16- Luthra Nagar,Dubey Marg,Kolkata,West Bengal,716912,General Practice,Pediatrics,208D00000X,Kasturba Medical College,1991,HOSP-0010,N,2024-12-17,Active,
PRAC-1013,Ivan Mallick,MCI/TAM/47230,3952683112,2029-11-15,1996-05-19,Male,386076973179,97338700713,ivan.doc33@clinic.com,660 Bhalla Ganj,Shukla Path,Coimbatore,Tamil Nadu,668012,Orthopedic Surgery,Oncology,207X00000X,Maulana Azad Medical College,2024,HOSP-0036,N,2026-01-01,Inactive,
PRAC-1014,Shray Bajwa,MCI/TAM/30210,4096094048,2029-07-12,1995-09-30,Male,766330011962,97735301069,shray.doc85@clinic.com,742 Vohra,,Madurai,Tamil Nadu,676106,Dermatology,Neurology,207N00000X,Kasturba Medical College,2021,HOSP-0003,Y,2024-07-14,Active,
PRAC-1015,Jayan Vasa,MCI/WES/93753,9693560120,2025-07-30,1966-02-28,Male,937528520709,97130076950,jayan.doc64@clinic.com,H.No. 124 Dubey Nagar,,Howrah,West Bengal,781016,Cardiology,Pediatrics,207R00000X,Maulana Azad Medical College,1990,HOSP-0020,N,1996-11-28,Active,
PRAC-1016,Taran Setty,MCI/MAH/64476,7131773109,2027-05-29,1982-04-09,Male,270507259371,99079842771,taran.doc60@clinic.com,H.No. 59 Saraf Road,Goda Ganj,Mumbai,Maharashtra,457619,Oncology,Dermatology,207R00000X,Armed Forces Medical College,2011,HOSP-0039,Y,2025-07-07,Active,
PRAC-1017,Mohanlal Lanka,MCI/TAM/83616,5051203521,2029-01-12,1963-03-07,Female,980907906578,97456056539,mohanlal.doc41@clinic.com,07/26- Chatterjee Zila,Mann Path,Coimbatore,Tamil Nadu,667499,Pediatrics,Oncology,208000000X,JIPMER,1989,HOSP-0008,N,1991-04-03,Under Review,
PRAC-1018,Jayesh Dhaliwal,MCI/KAR/90658,2909814763,2026-10-31,1969-09-29,Female,093431262223,98795875043,jayesh.doc32@clinic.com,43/60 Kale Street,Barad Ganj,Mysore,Karnataka,588316,General Surgery,Orthopedic Surgery,208600000X,Armed Forces Medical College,1995,HOSP-0037,N,1998-04-29,Active,
PRAC-1019,Mahika Kibe,MCI/DEL/75191,8425244054,2026-10-16,1962-08-06,Male,887570840203,97099541460,mahika.doc12@clinic.com,H.No. 670 Joshi Marg,,New Delhi,Delhi,110039,Orthopedic Surgery,,207X00000X,Kasturba Medical College,1988,HOSP-0030,Y,2003-05-16,Sanctioned,Ducimus ratione odit occaecati repellendus id ex.
PRAC-1020,Emir Kata,MCI/DEL/80345,3745001350,2027-02-24,1982-03-27,Male,854293036666,97035121678,emir.doc14@clinic.com,20/545- Kapadia Ganj,,New Delhi,Delhi,110036,Pediatrics,Cardiology,208000000X,Christian Medical College,2006,HOSP-0017,N,2010-10-02,Active,
PRAC-1021,Siya Dhillon,MCI/WES/82512,4682422799,2027-11-20,1971-12-10,Female,871249472093,98239534867,siya.doc10@clinic.com,46/84- Grewal Ganj,,Kolkata,West Bengal,747516,Pediatrics,Cardiology,208000000X,Kasturba Medical College,1997,HOSP-0029,N,2021-12-28,Active,
PRAC-1022,Romil Sastry,MCI/DEL/83116,1775390413,2026-07-25,1995-12-31,Other,960654626749,98570267413,romil.doc97@clinic.com,H.No. 75- Bandi Road,Chowdhury Road,New Delhi,Delhi,110043,Neurology,General Surgery,2084N0400X,Christian Medical College,2021,HOSP-0039,N,2023-04-20,Under Review,
PRAC-1023,Nayantara Yogi,MCI/KAR/69898,4113974748,2029-04-25,1979-07-30,Other,076235693827,97639695273,nayantara.doc78@clinic.com,22- Wagle Path,Deshmukh Nagar,Mysore,Karnataka,577017,Cardiology,Neurology,207R00000X,Armed Forces Medical College,2007,HOSP-0040,N,2019-01-20,Active,
PRAC-1024,Kiara Keer,MCI/WES/83783,3536600677,2030-07-02,1974-04-14,Male,279398926033,98287590685,kiara.doc61@clinic.com,835 Hora Marg,Datta Chowk,Howrah,West Bengal,792895,Oncology,Dermatology,207R00000X,Armed Forces Medical College,1999,HOSP-0022,Y,2021-06-18,Active,
PRAC-1025,Divyansh Rao,MCI/KAR/16731,7467531169,2028-08-27,1969-07-23,Female,208785824936,99506213395,divyansh.doc62@clinic.com,H.No. 61- Sharma Ganj,Rege Chowk,Bangalore,Karnataka,583638,Dermatology,Cardiology,207N00000X,Kasturba Medical College,1997,HOSP-0041,N,2005-03-27,Active,
PRAC-1026,Rohan Kashyap,MCI/MAH/67807,8474342486,2030-06-23,1973-05-23,Male,882447829337,98347298951,rohan.doc54@clinic.com,837- Dugal Marg,Sankar Circle,Mumbai,Maharashtra,402482,General Surgery,Cardiology,208600000X,JIPMER,2003,HOSP-0045,Y,2008-07-30,Active,
PRAC-1027,Samarth Dora,MCI/WES/52604,7902766705,2029-04-22,1975-01-29,Female,238801176844,99844242456,samarth.doc62@clinic.com,89/11- Comar Zila,,Kolkata,West Bengal,773516,General Practice,Cardiology,208D00000X,Armed Forces Medical College,2004,HOSP-0012,N,2007-06-20,Active,
PRAC-1028,Jayant Bhasin,MCI/KAR/42311,2777373163,2027-08-01,1969-12-05,Other,390964961421,98198323340,jayant.doc72@clinic.com,H.No. 677- Sant,,Mysore,Karnataka,566300,Pediatrics,Oncology,208000000X,Christian Medical College,1995,HOSP-0020,N,2024-08-03,Active,
PRAC-1029,Nehmat Bir,MCI/KAR/25974,9606450024,2029-10-02,1979-10-15,Other,490479018809,99463064097,nehmat.doc87@clinic.com,06/25 Viswanathan Marg,,Mysore,Karnataka,569430,General Surgery,,208600000X,JIPMER,2005,HOSP-0023,Y,2010-01-29,Active,
PRAC-1030,Faiyaz Johal,MCI/MAH/95979,6032309043,2025-10-08,1966-10-16,Female,440852367742,98101418477,faiyaz.doc96@clinic.com,37 Rout Zila,,Pune,Maharashtra,457983,Cardiology,Pediatrics,207R00000X,Christian Medical College,1994,HOSP-0013,N,2006-01-04,Under Review,
PRAC-1031,Prerak Kurian,MCI/WES/16653,1399065657,2029-08-24,1966-03-12,Other,040739643865,99876914972,prerak.doc68@clinic.com,H.No. 97 Chaudhuri Ganj,Chadha Marg,Kolkata,West Bengal,731779,Dermatology,Orthopedic Surgery,207N00000X,Maulana Azad Medical College,1993,HOSP-0015,Y,2022-01-25,Active,
PRAC-1032,Tejas Thaker,MCI/MAH/10679,4256182031,2030-03-26,1963-03-18,Male,854139407587,99363746243,tejas.doc21@clinic.com,21/926 Bala Street,,Nagpur,Maharashtra,418018,Oncology,Pediatrics,207R00000X,Maulana Azad Medical College,1991,HOSP-0031,N,2016-04-30,Active,
PRAC-1033,Manjari Kibe,MCI/MAH/85252,4890097693,2029-10-09,1978-11-04,Other,975669287666,97997378157,manjari.doc69@clinic.com,H.No. 17 Tailor Circle,Sridhar Ganj,Mumbai,Maharashtra,485498,General Surgery,Pediatrics,208600000X,Christian Medical College,2008,HOSP-0027,Y,2021-06-04,Active,
PRAC-1034,Rhea Dugar,MCI/KAR/49110,6507713723,2025-08-23,1993-07-10,Male,992969673521,99439377645,rhea.doc78@clinic.com,95/580- Walla Path,Devi Street,Bangalore,Karnataka,560303,Oncology,,207R00000X,Armed Forces Medical College,2021,HOSP-0019,N,2024-04-26,Active,
PRAC-1035,Kimaya Kade,MCI/DEL/24764,9015836005,2026-07-18,1990-04-14,Other,649684149527,98420277403,kimaya.doc21@clinic.com,19/117- Deol Nagar,,New Delhi,Delhi,110024,General Practice,Orthopedic Surgery,208D00000X,Maulana Azad Medical College,2019,HOSP-0017,Y,2024-03-02,Active,
PRAC-1036,Anahi Seshadri,MCI/TAM/93719,8822371593,2029-01-19,1983-01-30,Male,506872126176,98741567887,anahi.doc55@clinic.com,251- Edwin Nagar,,Chennai,Tamil Nadu,680079,Pediatrics,Dermatology,208000000X,All India Institute of Medical Sciences,2012,HOSP-0026,Y,2017-12-14,Active,
PRAC-1037,Prerak Gulati,MCI/TAM/60275,7502683779,2025-09-23,1963-02-05,Male,417958207857,98011556076,prerak.doc58@clinic.com,70/992- Sengupta Chowk,,Chennai,Tamil Nadu,634181,Orthopedic Surgery,,207X00000X,Armed Forces Medical College,1989,HOSP-0020,Y,1997-07-08,Active,
PRAC-1038,Riya Sule,MCI/MAH/30934,3001504434,2028-01-11,1972-10-31,Female,871113175622,98741251076,riya.doc88@clinic.com,74 Bir Marg,,Pune,Maharashtra,440213,Pediatrics,General Surgery,208000000X,Maulana Azad Medical College,2002,HOSP-0008,N,2004-08-26,Active,
PRAC-1039,Ivan Keer,MCI/DEL/89395,4029601719,2030-07-04,1977-12-06,Female,731636851492,98604706474,ivan.doc54@clinic.com,10/98- Chokshi Ganj,,New Delhi,Delhi,110058,General Surgery,Dermatology,208600000X,Kasturba Medical College,2005,HOSP-0043,Y,2019-09-28,Under Review,
PRAC-1040,Dhanuk Chatterjee,MCI/KAR/24707,9310088033,2030-03-03,1982-03-01,Male,516714418513,97265248799,dhanuk.doc71@clinic.com,89/57 Borde Zila,Saran,Bangalore,Karnataka,578486,Neurology,,2084N0400X,Kasturba Medical College,2008,HOSP-0035,Y,2018-02-03,Active,
PRAC-1041,Advika Sant,MCI/TAM/74071,9937699548,2029-11-15,1990-01-27,Male,489655116985,97390591367,advika.doc66@clinic.com,86/259- Issac Marg,,Madurai,Tamil Nadu,676434,Pediatrics,,208000000X,All India Institute of Medical Sciences,2016,HOSP-0030,Y,2022-05-24,Active,
PRAC-1042,Renee Chad,MCI/WES/50392,9429619521,2027-07-16,1987-03-14,Other,821047364149,97093503397,renee.doc51@clinic.com,61- Agate Circle,,Howrah,West Bengal,788181,Oncology,,207R00000X,All India Institute of Medical Sciences,2012,HOSP-0048,Y,2024-05-06,Active,
PRAC-1043,Piya Kala,MCI/MAH/19046,8880037420,2030-07-08,1975-08-10,Other,149338958332,99027530378,piya.doc5@clinic.com,H.No. 817- Konda Zila,,Nagpur,Maharashtra,407897,Neurology,Cardiology,2084N0400X,JIPMER,2001,HOSP-0012,Y,2017-12-09,Active,
PRAC-1044,Akarsh Mangat,MCI/DEL/59236,8658559283,2030-02-25,1991-10-13,Other,355250068669,97344671094,akarsh.doc88@clinic.com,89 Cherian Marg,Bhatti Path,New Delhi,Delhi,110048,Oncology,Pediatrics,207R00000X,Maulana Azad Medical College,2017,HOSP-0023,Y,2024-12-11,Sanctioned,Est eveniet sapiente laborum quos nesciunt quasi aliquid nostrum eveniet autem.
PRAC-1045,Inaaya  Dhingra,MCI/TAM/12979,1956369052,2029-12-22,1992-04-16,Male,751007439227,98281459294,inaaya.doc60@clinic.com,253- Doshi Nagar,,Chennai,Tamil Nadu,699113,Oncology,Orthopedic Surgery,207R00000X,Kasturba Medical College,2017,HOSP-0025,Y,2024-02-27,Active,
PRAC-1046,Elakshi Bandi,MCI/TAM/14222,9361279640,2029-08-13,1987-04-03,Male,613309312901,99835527487,elakshi.doc54@clinic.com,22/890 Iyengar Street,Bobal Path,Madurai,Tamil Nadu,614790,General Practice,Pediatrics,208D00000X,Christian Medical College,2013,HOSP-0014,Y,2022-05-15,Active,
PRAC-1047,Advik Khosla,MCI/MAH/15798,8499433171,2025-09-04,1985-05-19,Male,014317168146,98727716512,advik.doc57@clinic.com,12/683 Joshi Circle,Varkey,Mumbai,Maharashtra,497064,Cardiology,,207R00000X,Kasturba Medical College,2011,HOSP-0014,Y,2013-08-31,Active,
PRAC-1048,Rania Bandi,MCI/WES/88370,7818926501,2026-05-05,1981-03-05,Male,201736588768,99888502524,rania.doc42@clinic.com,H.No. 394 Sidhu Chowk,Ramanathan Zila,Howrah,West Bengal,775690,Dermatology,General Surgery,207N00000X,Armed Forces Medical College,2010,HOSP-0010,Y,2018-04-25,Active,
PRAC-1049,Jivin Soni,MCI/WES/98965,9954756557,2028-05-30,1982-12-13,Female,761179021153,98834812535,jivin.doc72@clinic.com,067 Gokhale Street,,Kolkata,West Bengal,782050,Dermatology,Pediatrics,207N00000X,All India Institute of Medical Sciences,2008,HOSP-0023,N,2022-01-26,Active,
PRAC-1050,Charvi Chahal,MCI/KAR/80507,1840464262,2028-10-06,1989-06-25,Other,867308892838,99033747850,charvi.doc31@clinic.com,H.No. 063 Shetty Ganj,Chaudhary Road,Mysore,Karnataka,566025,Pediatrics,General Practice,208000000X,Armed Forces Medical College,2013,HOSP-0046,Y,2024-09-14,Active,
PRAC-1051,Shlok Sharma,MCI/WES/41831,4372426003,2026-03-27,1983-07-25,Female,251051650149,98095197958,shlok.doc27@clinic.com,79/81 Chadha Street,,Kolkata,West Bengal,750910,Cardiology,General Practice,207R00000X,Maulana Azad Medical College,2008,HOSP-0006,N,2015-01-11,Under Review,
PRAC-1052,Charvi Khurana,MCI/DEL/34662,0026803370,2029-12-02,1972-11-28,Female,623069136951,99523652725,charvi.doc93@clinic.com,27/061 Konda Zila,Das,New Delhi,Delhi,110009,Neurology,Dermatology,2084N0400X,JIPMER,1997,HOSP-0014,N,2013-11-06,Active,
PRAC-1053,Vaibhav Konda,MCI/MAH/72773,5053963791,2026-08-20,1976-05-24,Female,262038699804,98041929790,vaibhav.doc90@clinic.com,H.No. 76- Sahni Path,Dugal,Nagpur,Maharashtra,498871,Cardiology,Dermatology,207R00000X,JIPMER,2002,HOSP-0016,N,2008-12-07,Inactive,
PRAC-1054,Ritvik Wali,MCI/KAR/57139,2431304224,2030-02-03,1989-08-11,Female,428336239538,99202530266,ritvik.doc64@clinic.com,27/099 Chaudhari Path,,Mysore,Karnataka,568570,Oncology,,207R00000X,All India Institute of Medical Sciences,2018,HOSP-0047,N,2021-12-07,Active,
PRAC-1055,Rania Mahajan,MCI/MAH/29126,4983518748,2026-01-16,1977-10-10,Female,954812034092,97069663945,rania.doc34@clinic.com,01 Ramesh Street,,Nagpur,Maharashtra,429002,General Surgery,Oncology,208600000X,Armed Forces Medical College,2002,HOSP-0010,Y,2012-02-13,Active,
PRAC-1056,Aarna Rastogi,MCI/TAM/95800,6543701944,2026-08-28,1996-02-18,Female,663273343632,99941393812,aarna.doc44@clinic.com,39/66- Varghese,,Coimbatore,Tamil Nadu,672173,General Surgery,General Practice,208600000X,JIPMER,2023,HOSP-0047,N,2025-01-06,Active,
PRAC-1057,Lakshay Sharma,MCI/WES/81058,3703873865,2029-05-23,1992-01-03,Female,494633328810,99756550636,lakshay.doc8@clinic.com,911- Suresh Chowk,Sant Marg,Howrah,West Bengal,724123,Orthopedic Surgery,Oncology,207X00000X,All India Institute of Medical Sciences,2020,HOSP-0043,Y,2022-06-04,Active,
PRAC-1058,Anvi Sabharwal,MCI/TAM/29795,5292804827,2026-02-27,1985-11-14,Male,297050430853,97039262289,anvi.doc28@clinic.com,H.No. 646 Konda Marg,,Chennai,Tamil Nadu,692690,Oncology,Orthopedic Surgery,207R00000X,Armed Forces Medical College,2015,HOSP-0004,N,2019-06-13,Active,
PRAC-1059,Jayan Varughese,MCI/WES/12192,1112989169,2026-02-22,1960-03-28,Other,332972697981,99273831457,jayan.doc93@clinic.com,H.No. 68 Kara Zila,,Howrah,West Bengal,701553,General Practice,Cardiology,208D00000X,Kasturba Medical College,1985,HOSP-0019,Y,2017-03-15,Active,
PRAC-1060,Jhanvi Solanki,MCI/MAH/41584,5821731944,2026-03-06,1968-03-27,Other,332551806081,97824341906,jhanvi.doc80@clinic.com,241- Johal Marg,,Nagpur,Maharashtra,419516,Oncology,Orthopedic Surgery,207R00000X,Armed Forces Medical College,1993,HOSP-0018,N,2019-03-06,Active,
PRAC-1061,Anika Bhandari,MCI/TAM/49318,8931671027,2029-06-03,1975-05-15,Male,848598254926,99937936410,anika.doc11@clinic.com,27/92- Lala Nagar,Krishnan Nagar,Madurai,Tamil Nadu,629603,Pediatrics,General Practice,208000000X,All India Institute of Medical Sciences,2000,HOSP-0026,N,2012-08-06,Active,
PRAC-1062,Oorja Sawhney,MCI/TAM/66873,0669661610,2025-11-14,1968-08-03,Female,082953604439,99769855512,oorja.doc43@clinic.com,H.No. 25 Kashyap Circle,Dey Chowk,Chennai,Tamil Nadu,665517,General Practice,Cardiology,208D00000X,Kasturba Medical College,1994,HOSP-0003,Y,2024-04-26,Active,
PRAC-1063,Trisha Mahajan,MCI/MAH/81176,9599309949,2027-12-30,1989-09-04,Male,055357545464,99420256439,trisha.doc85@clinic.com,52/131 Gandhi Circle,Gade Ganj,Nagpur,Maharashtra,436749,General Practice,Dermatology,208D00000X,Christian Medical College,2014,HOSP-0021,Y,2017-09-03,Active,
PRAC-1064,Riaan Bail,MCI/KAR/41519,0064176477,2029-06-01,1960-11-30,Male,931805174240,99433940416,riaan.doc50@clinic.com,H.No. 034 Anne Zila,,Bangalore,Karnataka,578479,Orthopedic Surgery,General Practice,207X00000X,JIPMER,1988,HOSP-0049,Y,2004-10-27,Inactive,
PRAC-1065,Oorja Bhattacharyya,MCI/DEL/54642,3962883351,2027-12-27,1962-05-04,Other,327452899445,99599179944,oorja.doc99@clinic.com,83/94 Bhavsar Ganj,,New Delhi,Delhi,110009,Neurology,Oncology,2084N0400X,Armed Forces Medical College,1989,HOSP-0002,N,2008-08-20,Active,
PRAC-1066,Faiyaz Sachdev,MCI/DEL/99088,1977567787,2027-02-03,1964-02-07,Female,856887816171,99516314486,faiyaz.doc85@clinic.com,79/53- Jha Chowk,,New Delhi,Delhi,110023,General Practice,General Surgery,208D00000X,All India Institute of Medical Sciences,1989,HOSP-0050,N,2024-02-13,Active,
PRAC-1067,Divyansh Bhasin,MCI/DEL/61068,8574036452,2029-02-07,1992-08-30,Male,667318929368,98360122653,divyansh.doc47@clinic.com,317 Kuruvilla Marg,Dubey,New Delhi,Delhi,110094,Neurology,Orthopedic Surgery,2084N0400X,All India Institute of Medical Sciences,2019,HOSP-0001,N,2024-05-26,Active,
PRAC-1068,Kiaan Lala,MCI/MAH/68830,2661545222,2029-02-10,1978-02-12,Female,392424367737,99392232487,kiaan.doc72@clinic.com,26/88 Golla Path,,Mumbai,Maharashtra,456489,Pediatrics,Dermatology,208000000X,All India Institute of Medical Sciences,2003,HOSP-0002,Y,2021-08-05,Active,
PRAC-1069,Drishya Buch,MCI/MAH/60829,7538556312,2028-09-20,1969-11-05,Female,590863953375,97363781647,drishya.doc93@clinic.com,797- Venkataraman Road,Sidhu Zila,Pune,Maharashtra,454238,Neurology,Oncology,2084N0400X,Kasturba Medical College,1993,HOSP-0034,Y,2003-05-20,Active,
PRAC-1070,Zeeshan Gole,MCI/KAR/29127,7158486262,2028-03-08,1996-05-20,Other,662001502572,97271730355,zeeshan.doc22@clinic.com,510- Wable Ganj,,Mysore,Karnataka,576158,Oncology,Orthopedic Surgery,207R00000X,Armed Forces Medical College,2022,HOSP-0027,N,2024-11-14,Active,
PRAC-1071,Divyansh Bakshi,MCI/TAM/74985,2378105793,2028-11-07,1976-01-27,Female,118916193547,99550379054,divyansh.doc79@clinic.com,025 Savant Circle,Bhatt Street,Madurai,Tamil Nadu,681924,Neurology,Oncology,2084N0400X,JIPMER,2003,HOSP-0007,Y,2008-02-29,Active,
PRAC-1072,Samar Tripathi,MCI/WES/67700,8448528086,2026-01-31,1997-01-06,Female,668361041005,98437681124,samar.doc56@clinic.com,44- Choudhry Chowk,Chaudhari Chowk,Howrah,West Bengal,743193,Cardiology,General Practice,207R00000X,Armed Forces Medical College,2024,HOSP-0021,Y,2026-01-01,Active,
PRAC-1073,Raghav Kala,MCI/KAR/92955,5467351265,2028-07-14,1963-07-01,Female,850521005556,99108860330,raghav.doc74@clinic.com,H.No. 79 Chakrabarti Ganj,Barad Circle,Mysore,Karnataka,584080,Pediatrics,Orthopedic Surgery,208000000X,Armed Forces Medical College,1990,HOSP-0025,N,2012-10-10,Under Review,
PRAC-1074,Vaibhav Viswanathan,MCI/TAM/33583,6016359432,2030-03-22,1976-07-24,Female,031039857089,99927933468,vaibhav.doc99@clinic.com,58/062- Saran Nagar,Kari Marg,Madurai,Tamil Nadu,671516,Pediatrics,Neurology,208000000X,Maulana Azad Medical College,2005,HOSP-0030,Y,2021-11-11,Inactive,
PRAC-1075,Uthkarsh Mahajan,MCI/DEL/93012,9211565651,2027-07-24,1993-08-15,Female,805639677922,98300656317,uthkarsh.doc31@clinic.com,893 Dash Path,,New Delhi,Delhi,110017,Dermatology,Neurology,207N00000X,Maulana Azad Medical College,2019,HOSP-0010,N,2023-11-26,Active,
PRAC-1076,Saanvi Thaman,MCI/DEL/76402,7906546307,2028-06-20,1986-05-08,Female,833229183348,99970866955,saanvi.doc54@clinic.com,61/67 Sunder Chowk,Saxena Zila,New Delhi,Delhi,110068,Neurology,,2084N0400X,Armed Forces Medical College,2012,HOSP-0045,Y,2023-01-23,Sanctioned,Perspiciatis facilis maxime aliquid fugit nisi mollitia hic.
PRAC-1077,Stuvan Gulati,MCI/WES/94545,2243623639,2026-03-13,1968-06-05,Male,057909968267,99909719639,stuvan.doc83@clinic.com,42- Venkataraman Nagar,,Kolkata,West Bengal,773822,General Surgery,Oncology,208600000X,Armed Forces Medical College,1998,HOSP-0028,Y,2013-10-31,Active,
PRAC-1078,Yashvi Iyengar,MCI/WES/59036,7298200850,2026-07-28,1992-10-29,Male,181073676138,98679908454,yashvi.doc60@clinic.com,H.No. 51- Gopal Marg,Lanka Circle,Kolkata,West Bengal,758429,Neurology,Pediatrics,2084N0400X,Armed Forces Medical College,2017,HOSP-0002,N,2022-11-25,Active,
PRAC-1079,Madhup Babu,MCI/MAH/28569,3886433169,2025-10-06,1968-05-22,Male,542908004450,98496060167,madhup.doc40@clinic.com,830 Bali Circle,,Mumbai,Maharashtra,495702,Dermatology,General Practice,207N00000X,JIPMER,1992,HOSP-0014,N,2022-04-24,Inactive,
PRAC-1080,Vritika Divan,MCI/DEL/49356,9577591403,2030-07-25,1960-07-28,Female,966127786404,97191912243,vritika.doc91@clinic.com,21/670 Venkataraman Nagar,Sama Circle,New Delhi,Delhi,110008,General Practice,Neurology,208D00000X,All India Institute of Medical Sciences,1988,HOSP-0022,Y,2016-07-04,Active,
PRAC-1081,Vihaan Hayre,MCI/WES/83380,5379329045,2026-09-10,1984-12-05,Other,926778845567,98831242551,vihaan.doc60@clinic.com,75 Vyas Path,Gera Ganj,Kolkata,West Bengal,743383,Orthopedic Surgery,Dermatology,207X00000X,JIPMER,2009,HOSP-0041,Y,2015-05-31,Active,
PRAC-1082,Anvi Kurian,MCI/WES/87621,3559568025,2030-01-24,1985-04-12,Male,914312643439,98844915411,anvi.doc50@clinic.com,378- Agate Street,Borra Road,Kolkata,West Bengal,758926,Oncology,General Practice,207R00000X,Maulana Azad Medical College,2010,HOSP-0014,Y,2012-04-29,Active,
PRAC-1083,Madhav Mand,MCI/WES/52727,6600012364,2029-11-25,1983-08-04,Female,746102257233,97846427583,madhav.doc59@clinic.com,41/06 Balasubramanian,Bajaj Zila,Kolkata,West Bengal,747945,Neurology,Orthopedic Surgery,2084N0400X,Armed Forces Medical College,2009,HOSP-0043,N,2024-12-10,Active,
PRAC-1084,Bhamini Kamdar,MCI/WES/56135,6859403340,2026-10-22,1979-02-03,Other,719539220094,98966496239,bhamini.doc80@clinic.com,739 Venkatesh Marg,Bhavsar Chowk,Kolkata,West Bengal,745603,Pediatrics,General Practice,208000000X,Maulana Azad Medical College,2007,HOSP-0046,N,2017-06-15,Active,
PRAC-1085,Fateh Bhat,MCI/TAM/33992,3924898181,2027-07-20,1994-04-17,Other,484895195068,98603337351,fateh.doc89@clinic.com,111- Bal Ganj,Barad Circle,Coimbatore,Tamil Nadu,615328,Neurology,General Surgery,2084N0400X,Kasturba Medical College,2024,HOSP-0025,N,2026-01-01,Active,
PRAC-1086,Adah Brahmbhatt,MCI/DEL/31871,3951891524,2030-02-28,1989-08-14,Other,814439353751,99102996505,adah.doc37@clinic.com,495- Dass Marg,Loke Zila,New Delhi,Delhi,110071,Orthopedic Surgery,General Practice,207X00000X,Christian Medical College,2014,HOSP-0021,N,2022-09-29,Active,
PRAC-1087,Kiara Mannan,MCI/DEL/60324,2230854265,2026-09-29,1990-04-04,Other,422651421194,99411976659,kiara.doc65@clinic.com,78/117- Bal Zila,,New Delhi,Delhi,110024,Cardiology,Oncology,207R00000X,JIPMER,2017,HOSP-0044,N,2024-03-24,Under Review,
PRAC-1088,Amani Johal,MCI/WES/38905,4558903028,2029-06-16,1994-05-01,Female,114610142856,98254516608,amani.doc5@clinic.com,735- Kamdar Circle,,Kolkata,West Bengal,799753,General Practice,,208D00000X,Christian Medical College,2019,HOSP-0035,N,2023-08-18,Active,
PRAC-1089,Gokul Srinivasan,MCI/MAH/45112,9469702417,2028-07-24,1997-01-15,Male,019008377761,99332623275,gokul.doc47@clinic.com,H.No. 64 Chana,Mallick Path,Nagpur,Maharashtra,414969,General Practice,,208D00000X,Maulana Azad Medical College,2024,HOSP-0029,Y,2026-01-01,Active,
PRAC-1090,Nakul Kapur,MCI/MAH/55688,5576287660,2027-11-13,1976-08-20,Female,249478199966,97373589152,nakul.doc57@clinic.com,37/41 Desai Chowk,Sahota Ganj,Pune,Maharashtra,434447,Neurology,Dermatology,2084N0400X,Christian Medical College,2006,HOSP-0014,N,2024-04-09,Active,
PRAC-1091,Faiyaz Bhattacharyya,MCI/TAM/84720,0974545812,2029-07-03,1974-11-07,Other,373006146251,98506741005,faiyaz.doc69@clinic.com,560- Thakur Street,,Chennai,Tamil Nadu,607780,Oncology,Orthopedic Surgery,207R00000X,Kasturba Medical College,2001,HOSP-0035,Y,2007-01-27,Active,
PRAC-1092,Jiya Bhavsar,MCI/WES/63948,8795443558,2025-08-03,1970-12-07,Female,549987595627,97254630933,jiya.doc36@clinic.com,789 Swamy Road,Bhatnagar Chowk,Kolkata,West Bengal,717771,Dermatology,Pediatrics,207N00000X,Maulana Azad Medical College,1996,HOSP-0009,Y,2012-09-05,Active,
PRAC-1093,Navya Doshi,MCI/DEL/85684,7026813567,2029-09-17,1965-12-28,Male,533541259703,99716145826,navya.doc35@clinic.com,466- Vyas Nagar,,New Delhi,Delhi,110018,Pediatrics,General Surgery,208000000X,JIPMER,1990,HOSP-0029,Y,2008-01-11,Active,
PRAC-1094,Saksham Reddy,MCI/KAR/73968,4910482308,2029-05-30,1985-10-28,Other,898622576530,98405696743,saksham.doc75@clinic.com,76/85 Kanda Chowk,Tella Chowk,Mysore,Karnataka,574899,Neurology,General Practice,2084N0400X,Maulana Azad Medical College,2012,HOSP-0006,N,2024-05-07,Active,
PRAC-1095,Lavanya Ramanathan,MCI/DEL/37767,5846348815,2029-06-07,1996-05-26,Other,276227153862,99124784519,lavanya.doc35@clinic.com,H.No. 610- Ganguly Ganj,,New Delhi,Delhi,110054,Pediatrics,Neurology,208000000X,Armed Forces Medical College,2023,HOSP-0022,Y,2025-07-23,Active,
PRAC-1096,Indrajit Sule,MCI/MAH/92074,6249571648,2029-06-06,1976-07-29,Other,866088999045,98973888646,indrajit.doc3@clinic.com,03/29 Ghosh Ganj,Sawhney Path,Mumbai,Maharashtra,413051,General Practice,Pediatrics,208D00000X,Christian Medical College,2003,HOSP-0029,N,2017-12-12,Active,
PRAC-1097,Uthkarsh Bali,MCI/TAM/30837,3291832456,2027-06-19,1983-05-14,Male,561387984184,98176904638,uthkarsh.doc12@clinic.com,675 Thaker Circle,,Madurai,Tamil Nadu,639566,Oncology,General Surgery,207R00000X,Armed Forces Medical College,2009,HOSP-0006,N,2020-04-22,Sanctioned,Ipsam nostrum repudiandae cum debitis ullam provident possimus quas quis.
PRAC-1098,Indranil Chand,MCI/KAR/95915,8922370392,2030-07-16,1989-07-31,Other,225402850120,97391697534,indranil.doc91@clinic.com,89/47 Gara,Bhatti Ganj,Bangalore,Karnataka,574065,Orthopedic Surgery,Cardiology,207X00000X,All India Institute of Medical Sciences,2015,HOSP-0014,N,2019-08-14,Active,
PRAC-1099,Indrans Chaudhari,MCI/DEL/55032,5492072602,2028-09-22,1975-08-22,Male,712755007607,97517946362,indrans.doc55@clinic.com,H.No. 840 Mandal Zila,Wali Marg,New Delhi,Delhi,110001,Orthopedic Surgery,Dermatology,207X00000X,JIPMER,2001,HOSP-0005,Y,2016-10-05,Active,
PRAC-1100,Bhamini Kibe,MCI/KAR/60164,5499018867,2027-03-15,1993-06-13,Female,302692275133,97571858688,bhamini.doc83@clinic.com,146- Lalla Zila,Shenoy Zila,Mysore,Karnataka,564493,Neurology,Orthopedic Surgery,2084N0400X,All India Institute of Medical Sciences,2021,HOSP-0034,Y,2024-04-09,Active,
PRAC-1101,Tushar Balakrishnan,MCI/TAM/29840,4103820508,2026-04-04,1997-02-06,Other,287918544798,98768280529,tushar.doc79@clinic.com,H.No. 47- Lala Marg,,Madurai,Tamil Nadu,698077,Orthopedic Surgery,,207X00000X,Christian Medical College,2023,HOSP-0006,Y,2025-04-24,Active,
PRAC-1102,Keya Ramaswamy,MCI/DEL/42477,2771250182,2027-08-22,1978-02-20,Male,253450619715,98189567020,keya.doc83@clinic.com,H.No. 768- Jaggi Circle,Acharya Zila,New Delhi,Delhi,110017,Neurology,General Practice,2084N0400X,Christian Medical College,2002,HOSP-0036,N,2021-02-13,Active,
PRAC-1103,Himmat Warrior,MCI/WES/61347,8872788331,2030-03-14,1971-06-19,Other,108459712025,98269343434,himmat.doc83@clinic.com,849- Vyas Nagar,Ratta Chowk,Kolkata,West Bengal,798021,Cardiology,Pediatrics,207R00000X,Christian Medical College,1997,HOSP-0032,N,2018-07-30,Active,
PRAC-1104,Dharmajan Verma,MCI/MAH/57329,8226299246,2029-12-12,1995-03-25,Male,313320265775,98359239702,dharmajan.doc17@clinic.com,49/484- Shankar Chowk,,Nagpur,Maharashtra,401581,General Surgery,,208600000X,Kasturba Medical College,2022,HOSP-0027,N,2024-02-28,Active,
PRAC-1105,Indranil Kalita,MCI/MAH/18851,6546287770,2027-03-24,1977-04-09,Other,836127818838,97059242317,indranil.doc34@clinic.com,H.No. 29- Dugar Circle,Amble Road,Mumbai,Maharashtra,476986,Orthopedic Surgery,,207X00000X,All India Institute of Medical Sciences,2001,HOSP-0004,N,2003-08-24,Under Review,
PRAC-1106,Pihu Bala,MCI/DEL/80328,4584659977,2028-10-09,1977-08-18,Other,906601217992,99309212177,pihu.doc79@clinic.com,35/74 Rama Chowk,Kaul Street,New Delhi,Delhi,110081,Dermatology,General Practice,207N00000X,Armed Forces Medical College,2006,HOSP-0006,N,2020-07-26,Active,
PRAC-1107,Aarna Sachdev,MCI/DEL/67342,2358140622,2027-10-21,1977-01-03,Male,057031203347,98024939794,aarna.doc8@clinic.com,49/96- Varughese Zila,Swaminathan Road,New Delhi,Delhi,110039,General Surgery,Orthopedic Surgery,208600000X,All India Institute of Medical Sciences,2006,HOSP-0028,Y,2009-06-26,Active,
PRAC-1108,Amani Apte,MCI/TAM/27984,6966083123,2027-07-20,1975-10-21,Female,175621327798,97048750473,amani.doc21@clinic.com,54/22 Mangal Road,,Chennai,Tamil Nadu,601660,Cardiology,Pediatrics,207R00000X,Armed Forces Medical College,2005,HOSP-0034,N,2008-06-05,Active,
PRAC-1109,Reyansh Magar,MCI/KAR/13847,1927709398,2030-03-16,1976-11-22,Male,482856710663,98438861395,reyansh.doc55@clinic.com,71/451- Sura Path,,Bangalore,Karnataka,585278,Pediatrics,Orthopedic Surgery,208000000X,Kasturba Medical College,2002,HOSP-0005,N,2018-12-01,Active,
PRAC-1110,Aniruddh Rau,MCI/KAR/84302,8443752701,2025-09-23,1981-12-23,Other,784128418918,97716750131,aniruddh.doc48@clinic.com,89/504 Choudhary Chowk,Raja Street,Bangalore,Karnataka,576371,Neurology,,2084N0400X,Armed Forces Medical College,2010,HOSP-0050,Y,2013-09-01,Active,
PRAC-1111,Navya Kakar,MCI/MAH/42053,1391155549,2029-01-10,1964-03-13,Other,617295984986,97197489159,navya.doc61@clinic.com,60 Rajagopal Marg,,Mumbai,Maharashtra,401610,Neurology,Dermatology,2084N0400X,JIPMER,1991,HOSP-0010,Y,1996-05-23,Active,
PRAC-1112,Zaina Roy,MCI/DEL/20208,6503447454,2027-07-23,1978-05-27,Male,876812068350,99454728281,zaina.doc48@clinic.com,H.No. 39 Mahajan Nagar,Kanda Road,New Delhi,Delhi,110034,Oncology,General Surgery,207R00000X,Kasturba Medical College,2006,HOSP-0044,Y,2014-11-13,Active,
PRAC-1113,Ritvik Madan,MCI/MAH/50723,9235308282,2027-04-08,1961-03-06,Male,878429753672,98405746777,ritvik.doc12@clinic.com,224- Krishna,,Pune,Maharashtra,437002,General Surgery,Cardiology,208600000X,All India Institute of Medical Sciences,1986,HOSP-0024,Y,1993-10-21,Under Review,
PRAC-1114,Nakul Hari,MCI/WES/81638,9457380206,2027-09-23,1991-10-29,Female,385947119344,98052811909,nakul.doc20@clinic.com,53/42 Gara Road,Kulkarni Chowk,Howrah,West Bengal,725614,Dermatology,General Surgery,207N00000X,JIPMER,2018,HOSP-0002,Y,2023-04-30,Active,
PRAC-1115,Zara Karpe,MCI/MAH/50306,0180954782,2027-04-22,1993-03-04,Other,677322112166,97446457642,zara.doc27@clinic.com,24 Chandra Marg,Grover,Nagpur,Maharashtra,449319,Pediatrics,Cardiology,208000000X,JIPMER,2021,HOSP-0032,Y,2023-08-20,Under Review,
PRAC-1116,Abram Gala,MCI/TAM/58823,2784206353,2027-08-12,1988-07-26,Male,371063532301,98969062219,abram.doc96@clinic.com,25- Sarin Road,Bajwa Ganj,Madurai,Tamil Nadu,654140,Dermatology,Neurology,207N00000X,Kasturba Medical College,2016,HOSP-0007,Y,2022-09-02,Active,
PRAC-1117,Anahi Bhavsar,MCI/MAH/27132,1959229871,2027-06-15,1976-05-03,Other,749168815075,98016926858,anahi.doc38@clinic.com,H.No. 31- Shukla Chowk,,Pune,Maharashtra,486827,Oncology,Neurology,207R00000X,Armed Forces Medical College,2002,HOSP-0026,N,2009-12-16,Active,
PRAC-1118,Mishti Biswas,MCI/TAM/24283,8305373427,2027-02-07,1987-03-14,Female,073936614844,97667483244,mishti.doc14@clinic.com,H.No. 19- Sawhney,Thaman Ganj,Chennai,Tamil Nadu,676638,General Practice,Dermatology,208D00000X,JIPMER,2013,HOSP-0030,N,2021-01-26,Active,
PRAC-1119,Nayantara Khare,MCI/TAM/70731,5950466278,2029-05-26,1971-11-03,Female,610701589535,98138200363,nayantara.doc16@clinic.com,332 Kapadia Path,Hora Zila,Coimbatore,Tamil Nadu,640410,Neurology,Oncology,2084N0400X,Christian Medical College,2000,HOSP-0044,N,2003-10-24,Under Review,
PRAC-1120,Prerak Desai,MCI/KAR/42534,5996960653,2027-07-04,1981-07-24,Other,778913923655,98527903519,prerak.doc51@clinic.com,29/752 Dey Marg,Khurana Nagar,Bangalore,Karnataka,562988,Cardiology,Dermatology,207R00000X,Maulana Azad Medical College,2010,HOSP-0020,N,2013-02-18,Active,
PRAC-1121,Dhanuk Ramachandran,MCI/WES/70560,3238420256,2027-12-12,1990-03-26,Male,470189017351,97437688716,dhanuk.doc18@clinic.com,H.No. 62- Dayal Chowk,Kibe Zila,Kolkata,West Bengal,712415,Cardiology,General Practice,207R00000X,All India Institute of Medical Sciences,2016,HOSP-0004,Y,2019-03-09,Active,
PRAC-1122,Purab Dubey,MCI/MAH/43924,1912930889,2028-09-03,1976-01-21,Male,356550544571,97322067505,purab.doc3@clinic.com,H.No. 474- Walla Circle,Borde Circle,Nagpur,Maharashtra,476823,General Surgery,General Practice,208600000X,Christian Medical College,2002,HOSP-0042,N,2020-09-27,Active,
PRAC-1123,Veer Sarkar,MCI/DEL/85220,2686375442,2028-03-21,1976-05-21,Male,165542267506,98860392455,veer.doc93@clinic.com,622- Goswami Zila,,New Delhi,Delhi,110021,Neurology,Oncology,2084N0400X,JIPMER,2005,HOSP-0002,N,2019-12-02,Active,
PRAC-1124,Uthkarsh Wadhwa,MCI/TAM/68459,3901112869,2029-12-26,1969-05-08,Other,068712372017,97638367047,uthkarsh.doc5@clinic.com,399- Dutta Street,Grover Road,Coimbatore,Tamil Nadu,636681,Oncology,Orthopedic Surgery,207R00000X,Maulana Azad Medical College,1998,HOSP-0019,N,2025-02-11,Active,
PRAC-1125,Myra Bajaj,MCI/DEL/36143,0793697665,2026-09-27,1984-02-06,Female,877864620087,99760171573,myra.doc68@clinic.com,H.No. 28- Chand Circle,Dutta Road,New Delhi,Delhi,110053,General Practice,Cardiology,208D00000X,Maulana Azad Medical College,2009,HOSP-0035,Y,2023-07-12,Active,
PRAC-1126,Anya Rajan,MCI/DEL/75849,6547898374,2029-12-13,1960-07-08,Female,616232631925,98381280467,anya.doc50@clinic.com,82- Thaker Circle,,New Delhi,Delhi,110072,Pediatrics,,208000000X,Christian Medical College,1988,HOSP-0002,N,2003-06-14,Active,
PRAC-1127,Priyansh Buch,MCI/KAR/71824,6425264054,2026-09-06,1984-03-01,Other,458307962198,99273894381,priyansh.doc46@clinic.com,H.No. 113- Bhagat Path,Chaudry Ganj,Bangalore,Karnataka,586497,General Surgery,Cardiology,208600000X,Christian Medical College,2008,HOSP-0007,Y,2022-07-10,Active,
PRAC-1128,Adah Venkataraman,MCI/MAH/60911,7836092093,2030-02-20,1981-11-09,Other,277005914408,98523874287,adah.doc23@clinic.com,72/555- Raj Marg,Atwal Street,Mumbai,Maharashtra,475457,General Surgery,Pediatrics,208600000X,Christian Medical College,2006,HOSP-0038,N,2015-09-15,Active,
PRAC-1129,Yasmin Kale,MCI/KAR/34672,8661662687,2030-01-23,1963-03-04,Other,039241816953,99114097693,yasmin.doc70@clinic.com,33/07 Basu Nagar,,Bangalore,Karnataka,578451,Pediatrics,Cardiology,208000000X,Christian Medical College,1989,HOSP-0032,Y,2007-07-18,Active,
PRAC-1130,Miraya Bir,MCI/MAH/10089,9512278617,2029-03-03,1996-07-13,Male,066839091376,98424786638,miraya.doc79@clinic.com,938- Bahri Road,Lanka Road,Nagpur,Maharashtra,462650,Cardiology,Dermatology,207R00000X,Christian Medical College,2025,HOSP-0022,Y,2027-01-01,Active,
PRAC-1131,Baiju Shah,MCI/TAM/57826,8603657531,2030-07-23,1985-09-10,Female,785896514956,97311520864,baiju.doc48@clinic.com,49- Chanda Circle,,Chennai,Tamil Nadu,668982,Cardiology,Neurology,207R00000X,Kasturba Medical College,2015,HOSP-0007,N,2023-01-05,Active,
PRAC-1132,Charvi Rana,MCI/DEL/51586,3881655291,2027-06-06,1993-04-07,Female,663321310623,97748194762,charvi.doc91@clinic.com,556- Vora Zila,,New Delhi,Delhi,110083,Pediatrics,Orthopedic Surgery,208000000X,Christian Medical College,2022,HOSP-0043,Y,2024-01-10,Under Review,
PRAC-1133,Nitya Jayaraman,MCI/MAH/61327,9504981445,2028-07-17,1989-03-12,Female,706515909491,99437319900,nitya.doc5@clinic.com,462 Mane,Lad Chowk,Nagpur,Maharashtra,475082,Dermatology,Pediatrics,207N00000X,Kasturba Medical College,2018,HOSP-0021,Y,2020-02-28,Active,
PRAC-1134,Yuvraj  Iyer,MCI/MAH/51879,8978876978,2029-01-28,1969-10-09,Other,596999368051,97721070971,yuvraj.doc82@clinic.com,42/477 Halder,Cheema Nagar,Mumbai,Maharashtra,445457,Neurology,,2084N0400X,Maulana Azad Medical College,1996,HOSP-0043,N,2007-07-22,Active,
PRAC-1135,Nirvaan Balay,MCI/MAH/24160,4226601695,2029-08-16,1990-12-04,Female,919766941637,97005502537,nirvaan.doc7@clinic.com,H.No. 343- Kota Path,,Pune,Maharashtra,433640,Cardiology,Pediatrics,207R00000X,JIPMER,2020,HOSP-0047,N,2022-10-23,Active,
PRAC-1136,Pihu Sama,MCI/KAR/72847,4729933327,2029-03-11,1961-03-24,Male,293661838764,99482729424,pihu.doc84@clinic.com,H.No. 809 Chander Chowk,Bakshi Chowk,Mysore,Karnataka,563323,Oncology,,207R00000X,Christian Medical College,1989,HOSP-0029,Y,2022-07-30,Active,
PRAC-1137,Charvi Mani,MCI/MAH/32296,1859116355,2029-07-27,1963-09-06,Male,891720102238,98612579345,charvi.doc21@clinic.com,289 Chopra Ganj,Kashyap Ganj,Mumbai,Maharashtra,444801,Dermatology,Cardiology,207N00000X,Kasturba Medical College,1992,HOSP-0006,N,2008-04-06,Active,
PRAC-1138,Neysa Jayaraman,MCI/TAM/30591,3012996961,2028-05-16,1986-04-11,Other,832396219977,97230020161,neysa.doc13@clinic.com,696 Jain Circle,,Madurai,Tamil Nadu,656911,General Practice,Cardiology,208D00000X,Christian Medical College,2015,HOSP-0013,N,2018-11-18,Active,
PRAC-1139,Farhan Maharaj,MCI/MAH/84943,6921977179,2029-12-12,1982-04-05,Other,930826015460,99360783034,farhan.doc63@clinic.com,36- Lal Road,Reddy,Mumbai,Maharashtra,451498,Dermatology,Pediatrics,207N00000X,All India Institute of Medical Sciences,2011,HOSP-0024,Y,2017-09-03,Active,
PRAC-1140,Sumer Sule,MCI/WES/22712,7564528042,2028-09-17,1975-01-17,Female,191561280738,97110533960,sumer.doc27@clinic.com,78/90- Magar Marg,Hans Street,Howrah,West Bengal,726171,Neurology,Pediatrics,2084N0400X,Maulana Azad Medical College,2002,HOSP-0019,Y,2007-11-24,Active,
PRAC-1141,Krish Bajaj,MCI/DEL/44734,6387751887,2029-06-23,1975-11-23,Female,696457638760,97391429896,krish.doc83@clinic.com,H.No. 186 Sem Zila,,New Delhi,Delhi,110084,Neurology,Pediatrics,2084N0400X,Christian Medical College,2005,HOSP-0024,N,2009-10-09,Active,
PRAC-1142,Pari Sen,MCI/DEL/39654,5924269456,2029-06-27,1978-10-18,Female,047666935872,98153464986,pari.doc73@clinic.com,34/279 Tata Road,Tandon Marg,New Delhi,Delhi,110033,Orthopedic Surgery,,207X00000X,Christian Medical College,2006,HOSP-0049,Y,2011-05-04,Active,
PRAC-1143,Pari Ram,MCI/WES/17993,9367132573,2030-06-15,1971-01-30,Male,576107267165,98662608027,pari.doc67@clinic.com,H.No. 511 Bawa Path,,Kolkata,West Bengal,772561,Pediatrics,General Practice,208000000X,Kasturba Medical College,1996,HOSP-0044,N,2009-11-25,Under Review,
PRAC-1144,Manjari Ravi,MCI/DEL/84870,7209383500,2028-01-26,1993-07-10,Other,254005736468,99219713803,manjari.doc74@clinic.com,H.No. 997- Thakur Ganj,Mand,New Delhi,Delhi,110064,General Surgery,,208600000X,All India Institute of Medical Sciences,2022,HOSP-0049,N,2025-03-27,Active,
PRAC-1145,Manjari Mangal,MCI/TAM/20271,9366787226,2030-01-14,1971-03-09,Male,609721448555,99934001543,manjari.doc56@clinic.com,018- Keer Street,Jaggi Zila,Chennai,Tamil Nadu,655492,Orthopedic Surgery,Dermatology,207X00000X,Maulana Azad Medical College,1997,HOSP-0010,N,2022-09-11,Active,
PRAC-1146,Manikya Majumdar,MCI/DEL/78116,8536978168,2030-05-15,1972-07-29,Female,786268563048,98967770105,manikya.doc2@clinic.com,H.No. 895 Johal Path,,New Delhi,Delhi,110035,Neurology,Orthopedic Surgery,2084N0400X,All India Institute of Medical Sciences,2001,HOSP-0027,Y,2010-05-26,Active,
PRAC-1147,Divit Handa,MCI/MAH/55071,3579876777,2027-05-28,1986-04-21,Male,460632184610,98764759274,divit.doc34@clinic.com,H.No. 168 Sem Ganj,,Pune,Maharashtra,470206,Neurology,Orthopedic Surgery,2084N0400X,Maulana Azad Medical College,2011,HOSP-0032,N,2021-06-22,Active,
PRAC-1148,Tushar Kata,MCI/WES/61877,7313727446,2028-07-23,1996-07-19,Male,095147842584,98423756197,tushar.doc89@clinic.com,30 Sawhney Nagar,Bhardwaj Ganj,Howrah,West Bengal,705083,Orthopedic Surgery,Pediatrics,207X00000X,All India Institute of Medical Sciences,2025,HOSP-0048,N,2027-01-01,Active,
PRAC-1149,Nishith Sami,MCI/KAR/74437,3755390419,2027-10-08,1965-05-05,Female,407174031868,99990082548,nishith.doc88@clinic.com,H.No. 97- Iyer Nagar,Dash,Mysore,Karnataka,569186,Pediatrics,Cardiology,208000000X,Christian Medical College,1990,HOSP-0009,N,1999-01-06,Active,
PRAC-1150,Nitya Char,MCI/DEL/67896,8815198528,2030-03-18,1997-06-26,Other,522417379539,97907915284,nitya.doc53@clinic.com,953 Kohli,,New Delhi,Delhi,110024,General Practice,Pediatrics,208D00000X,Kasturba Medical College,2024,HOSP-0024,Y,2026-01-01,Active,
PRAC-1151,Yuvaan Tripathi,MCI/WES/78719,5274424852,2029-11-30,1992-08-18,Other,839717820902,99442428958,yuvaan.doc4@clinic.com,H.No. 862- Subramanian Chowk,Tandon Marg,Howrah,West Bengal,717779,Orthopedic Surgery,Neurology,207X00000X,Christian Medical College,2017,HOSP-0013,Y,2019-10-06,Active,
PRAC-1152,Saanvi Barman,MCI/KAR/58280,2126142220,2026-01-28,1969-03-22,Male,750318998193,98993803105,saanvi.doc65@clinic.com,907 Ramachandran,,Bangalore,Karnataka,568977,Cardiology,,207R00000X,Maulana Azad Medical College,1993,HOSP-0008,Y,2008-06-23,Active,
PRAC-1153,Vidur Dhillon,MCI/TAM/82264,4909394219,2029-03-31,1981-12-18,Male,680932268722,98502207340,vidur.doc45@clinic.com,H.No. 38- Lad Circle,Babu Circle,Coimbatore,Tamil Nadu,676923,Pediatrics,,208000000X,Armed Forces Medical College,2010,HOSP-0048,Y,2021-01-22,Active,
PRAC-1154,Yasmin Bora,MCI/WES/94853,1124847751,2028-11-12,1960-12-12,Female,441491495488,97966848837,yasmin.doc87@clinic.com,156 Chandra Path,Boase Ganj,Kolkata,West Bengal,729012,Cardiology,General Practice,207R00000X,Armed Forces Medical College,1987,HOSP-0042,N,2003-12-09,Active,
PRAC-1155,Gatik Sachar,MCI/TAM/88792,1621028418,2030-05-18,1970-07-01,Other,748147820932,97036351450,gatik.doc29@clinic.com,58/403 Sami Zila,,Madurai,Tamil Nadu,622701,Cardiology,Neurology,207R00000X,Kasturba Medical College,1997,HOSP-0020,N,2016-08-20,Active,
PRAC-1156,Dharmajan Dada,MCI/TAM/98761,6237162731,2027-10-05,1983-10-17,Female,234507007378,99236122747,dharmajan.doc80@clinic.com,678 Chakrabarti Marg,,Coimbatore,Tamil Nadu,639602,Oncology,Pediatrics,207R00000X,Kasturba Medical College,2009,HOSP-0007,Y,2018-06-03,Active,
PRAC-1157,Abram Soman,MCI/MAH/54077,9634902678,2028-06-26,1990-09-08,Other,062800523948,98187486518,abram.doc82@clinic.com,43 Varughese Nagar,,Pune,Maharashtra,408367,Pediatrics,Dermatology,208000000X,Armed Forces Medical College,2019,HOSP-0017,N,2022-03-23,Active,
PRAC-1158,Eshani Bera,MCI/WES/51888,4130617254,2030-03-29,1989-08-13,Male,892822348235,99923823693,eshani.doc18@clinic.com,87 Magar Ganj,Sur Chowk,Howrah,West Bengal,786577,Orthopedic Surgery,Dermatology,207X00000X,Maulana Azad Medical College,2018,HOSP-0032,N,2021-03-22,Active,
PRAC-1159,Shlok Bahl,MCI/MAH/84978,4075811921,2029-08-23,1965-06-02,Female,628987632757,97815679418,shlok.doc44@clinic.com,838- Keer Zila,Sani Nagar,Nagpur,Maharashtra,492808,Oncology,General Practice,207R00000X,Maulana Azad Medical College,1989,HOSP-0035,N,2019-12-12,Active,
PRAC-1160,Keya Ahluwalia,MCI/WES/22793,0828062090,2025-11-04,1992-12-01,Other,477454565898,99021988477,keya.doc17@clinic.com,H.No. 66- Barad Zila,,Kolkata,West Bengal,738506,Pediatrics,Dermatology,208000000X,Maulana Azad Medical College,2017,HOSP-0036,Y,2022-10-15,Active,
PRAC-1161,Piya Khanna,MCI/TAM/65112,6150290116,2030-04-30,1984-05-14,Other,107924422134,98422996266,piya.doc48@clinic.com,H.No. 01- Sahota Path,,Madurai,Tamil Nadu,640250,Pediatrics,Neurology,208000000X,Kasturba Medical College,2012,HOSP-0019,N,2017-12-04,Active,
PRAC-1162,Jivin Butala,MCI/WES/35499,0369734227,2025-08-05,1991-01-29,Male,985238928213,99149533961,jivin.doc16@clinic.com,796- Shanker Zila,,Kolkata,West Bengal,761894,General Practice,Cardiology,208D00000X,Kasturba Medical College,2017,HOSP-0020,N,2020-10-12,Active,
PRAC-1163,Seher Ahluwalia,MCI/KAR/69974,3304463034,2030-02-18,1981-08-27,Male,357245460216,97615143045,seher.doc41@clinic.com,73/84- Varma Zila,Kapoor,Mysore,Karnataka,578658,Orthopedic Surgery,General Surgery,207X00000X,All India Institute of Medical Sciences,2011,HOSP-0032,N,2013-12-12,Sanctioned,Cum tempore aliquam aut sequi iure doloremque reiciendis molestias esse possimus itaque repellat.
PRAC-1164,Shalv Chahal,MCI/MAH/37444,6294263851,2026-09-08,1966-10-03,Other,522152979983,97724156214,shalv.doc74@clinic.com,H.No. 30- Thaman Zila,Mani Path,Pune,Maharashtra,435851,Orthopedic Surgery,Oncology,207X00000X,JIPMER,1995,HOSP-0049,Y,2004-05-12,Active,
PRAC-1165,Manjari Borah,MCI/DEL/14944,3600650287,2029-01-10,1963-06-27,Male,220930923128,99292578829,manjari.doc26@clinic.com,92/73- Chaudhuri Road,,New Delhi,Delhi,110000,Oncology,General Practice,207R00000X,All India Institute of Medical Sciences,1992,HOSP-0021,Y,2025-03-31,Active,
PRAC-1166,Divit Srinivas,MCI/KAR/23462,2994512040,2026-07-04,1979-10-13,Male,253135254602,98647336743,divit.doc65@clinic.com,H.No. 481 Agarwal Ganj,,Mysore,Karnataka,564224,Cardiology,Dermatology,207R00000X,Christian Medical College,2006,HOSP-0005,Y,2023-07-07,Active,
PRAC-1167,Elakshi Sachar,MCI/WES/27536,3853220391,2027-09-24,1963-05-11,Female,662881040036,98472026313,elakshi.doc63@clinic.com,H.No. 49 Karpe Ganj,,Howrah,West Bengal,756841,Dermatology,,207N00000X,Christian Medical College,1990,HOSP-0011,N,2006-10-30,Active,
PRAC-1168,Arhaan Sawhney,MCI/TAM/12872,3060684844,2027-09-18,1961-06-13,Male,002186711803,99532711433,arhaan.doc65@clinic.com,84/616 Gera Nagar,Kaur Chowk,Chennai,Tamil Nadu,696216,General Surgery,Dermatology,208600000X,All India Institute of Medical Sciences,1986,HOSP-0024,Y,2019-05-23,Active,
PRAC-1169,Kanav Basak,MCI/MAH/95664,7022747835,2027-09-21,1981-08-24,Female,947818859778,97084790270,kanav.doc7@clinic.com,H.No. 956- Kohli Marg,Saxena Nagar,Nagpur,Maharashtra,414170,Dermatology,Cardiology,207N00000X,JIPMER,2008,HOSP-0029,N,2013-11-30,Active,
PRAC-1170,Anaya Bahri,MCI/TAM/92616,4382917192,2030-05-22,1976-10-03,Male,324137708964,97039962746,anaya.doc39@clinic.com,23/24- Edwin Street,,Madurai,Tamil Nadu,689881,Dermatology,,207N00000X,Maulana Azad Medical College,2004,HOSP-0007,N,2013-10-15,Active,
PRAC-1171,Abram Dutta,MCI/MAH/90962,6715513542,2025-12-13,1991-11-30,Other,237644278452,97505666123,abram.doc37@clinic.com,01/961- Tripathi Zila,Sengupta Path,Nagpur,Maharashtra,494210,Orthopedic Surgery,General Practice,207X00000X,All India Institute of Medical Sciences,2019,HOSP-0032,Y,2022-11-25,Active,
PRAC-1172,Advik Walla,MCI/TAM/63707,5985909556,2028-07-19,1969-05-31,Other,448464216558,98268523764,advik.doc21@clinic.com,33/02 Kapur Path,Sagar Circle,Coimbatore,Tamil Nadu,692200,General Surgery,Pediatrics,208600000X,Kasturba Medical College,1998,HOSP-0032,Y,2014-04-23,Active,
PRAC-1173,Manikya Virk,MCI/MAH/24474,5723673587,2029-01-12,1961-10-27,Other,575400469884,99465967350,manikya.doc86@clinic.com,H.No. 192- Goel,,Nagpur,Maharashtra,411665,General Practice,Pediatrics,208D00000X,Christian Medical College,1989,HOSP-0006,Y,1997-10-01,Active,
PRAC-1174,Vihaan Sule,MCI/DEL/70853,0114626166,2029-01-20,1962-10-16,Other,187155014051,97215092803,vihaan.doc13@clinic.com,82/05 Kothari Zila,Kashyap Marg,New Delhi,Delhi,110033,Neurology,Pediatrics,2084N0400X,All India Institute of Medical Sciences,1990,HOSP-0019,N,1995-04-28,Active,
PRAC-1175,Anay Bandi,MCI/MAH/28139,8646738576,2028-11-02,1960-09-17,Other,193382454305,99849088142,anay.doc83@clinic.com,27- Shan Ganj,Balay Circle,Mumbai,Maharashtra,401267,Pediatrics,General Practice,208000000X,Armed Forces Medical College,1985,HOSP-0023,N,2003-12-13,Active,
PRAC-1176,Khushi Bhakta,MCI/KAR/62530,9952922789,2027-02-06,1963-10-28,Other,237584798325,98719061621,khushi.doc59@clinic.com,H.No. 08- Sanghvi Road,,Bangalore,Karnataka,563730,Dermatology,Neurology,207N00000X,JIPMER,1989,HOSP-0045,N,2007-12-10,Active,
PRAC-1177,Miraya Maharaj,MCI/MAH/64529,1711792199,2026-01-01,1984-08-12,Female,468122901167,99537253239,miraya.doc62@clinic.com,85/394 Gole,,Mumbai,Maharashtra,413593,Orthopedic Surgery,Neurology,207X00000X,Christian Medical College,2010,HOSP-0040,N,2020-06-18,Active,
PRAC-1178,Shanaya Dixit,MCI/DEL/67761,1265361903,2027-06-07,1993-02-02,Female,185356320624,97197449658,shanaya.doc9@clinic.com,447- Kadakia Zila,,New Delhi,Delhi,110052,Cardiology,General Surgery,207R00000X,Maulana Azad Medical College,2018,HOSP-0021,Y,2020-02-06,Active,
PRAC-1179,Jayant Dash,MCI/WES/96732,0030686674,2026-07-30,1965-08-28,Other,013763769446,98067630048,jayant.doc62@clinic.com,H.No. 144- Salvi Road,,Kolkata,West Bengal,756734,General Surgery,Oncology,208600000X,Maulana Azad Medical College,1994,HOSP-0044,N,2016-04-03,Active,
PRAC-1180,Vidur Sachar,MCI/TAM/74990,0586294854,2028-08-31,1997-03-09,Male,559767238757,97710404224,vidur.doc10@clinic.com,327 Dixit Chowk,,Madurai,Tamil Nadu,661510,Cardiology,Neurology,207R00000X,Armed Forces Medical College,2021,HOSP-0016,N,2024-04-26,Active,
PRAC-1181,Shanaya Yadav,MCI/DEL/20332,3608544548,2025-09-24,1997-04-08,Female,173132428795,98971796256,shanaya.doc57@clinic.com,92/435 Sarin Zila,,New Delhi,Delhi,110030,Cardiology,Dermatology,207R00000X,All India Institute of Medical Sciences,2026,HOSP-0032,N,2028-01-01,Active,
PRAC-1182,Divij Saxena,MCI/MAH/64046,8093498588,2025-10-07,1990-04-10,Female,564829852341,97153896961,divij.doc72@clinic.com,H.No. 469 Devi Marg,Kibe,Mumbai,Maharashtra,452879,Neurology,,2084N0400X,All India Institute of Medical Sciences,2018,HOSP-0039,N,2022-11-11,Active,
PRAC-1183,Mannat Garde,MCI/KAR/39218,7742546682,2026-07-18,1989-04-03,Other,581742268043,98951890759,mannat.doc43@clinic.com,25/943- Krishna Zila,,Bangalore,Karnataka,586757,General Surgery,,208600000X,Maulana Azad Medical College,2018,HOSP-0043,N,2025-03-01,Under Review,
PRAC-1184,Aaryahi Sethi,MCI/TAM/56548,6568983241,2027-05-02,1994-10-07,Other,842315551614,99721554031,aaryahi.doc38@clinic.com,H.No. 57- Rajagopal Zila,,Chennai,Tamil Nadu,644742,General Practice,Neurology,208D00000X,Maulana Azad Medical College,2019,HOSP-0007,Y,2021-05-31,Active,
PRAC-1185,Yashvi Zachariah,MCI/DEL/90065,2835312278,2027-05-22,1970-12-01,Male,357180142618,97841476312,yashvi.doc25@clinic.com,53/90- Kibe Path,Biswas Circle,New Delhi,Delhi,110032,General Practice,Orthopedic Surgery,208D00000X,JIPMER,1998,HOSP-0014,N,2008-07-03,Active,
PRAC-1186,Anvi Sem,MCI/MAH/87176,9166072146,2028-10-29,1962-09-28,Male,193205430411,97529222385,anvi.doc99@clinic.com,558 Dhillon Path,,Nagpur,Maharashtra,488098,Pediatrics,Neurology,208000000X,JIPMER,1989,HOSP-0043,Y,2005-03-16,Active,
PRAC-1187,Emir Madan,MCI/DEL/33226,3012328735,2026-03-30,1973-01-26,Female,495041031639,99971334438,emir.doc75@clinic.com,11- Edwin Street,Bains Marg,New Delhi,Delhi,110065,Cardiology,Neurology,207R00000X,Maulana Azad Medical College,2000,HOSP-0009,Y,2005-03-21,Active,
PRAC-1188,Abram Handa,MCI/WES/62149,7042182589,2029-06-05,1968-01-25,Female,604800923576,98472567340,abram.doc38@clinic.com,66- Arya Chowk,,Kolkata,West Bengal,735860,Pediatrics,General Practice,208000000X,Christian Medical College,1993,HOSP-0009,N,2000-10-03,Active,
PRAC-1189,Ritvik Dani,MCI/WES/37487,9360673943,2026-01-30,1967-02-04,Other,640146616020,99680779364,ritvik.doc92@clinic.com,597 Swamy Circle,,Kolkata,West Bengal,726330,Dermatology,Oncology,207N00000X,Maulana Azad Medical College,1991,HOSP-0023,Y,2001-10-19,Active,
PRAC-1190,Tanya Barad,MCI/KAR/84794,1114192475,2027-09-01,1967-08-06,Other,750387460336,99865418497,tanya.doc91@clinic.com,H.No. 996 Tailor Ganj,,Mysore,Karnataka,579097,Orthopedic Surgery,Oncology,207X00000X,Maulana Azad Medical College,1996,HOSP-0048,N,2000-07-05,Active,
PRAC-1191,Manikya Anand,MCI/TAM/17419,4148485912,2026-10-16,1969-12-15,Female,395254189463,97858574346,manikya.doc35@clinic.com,90/66- Hans Street,Jayaraman Marg,Chennai,Tamil Nadu,687851,Cardiology,Orthopedic Surgery,207R00000X,Armed Forces Medical College,1994,HOSP-0044,N,2006-06-02,Active,
PRAC-1192,Indrans Chhabra,MCI/WES/69322,4349979294,2027-02-20,1987-12-22,Male,454252080974,97440148273,indrans.doc79@clinic.com,38 Iyer Road,Bandi Ganj,Kolkata,West Bengal,747013,Cardiology,Pediatrics,207R00000X,Maulana Azad Medical College,2017,HOSP-0042,N,2020-01-10,Active,
PRAC-1193,Arhaan Acharya,MCI/DEL/50980,9958469829,2026-07-22,1972-05-01,Male,167569366682,99371357111,arhaan.doc7@clinic.com,H.No. 48- Sahni Nagar,Chowdhury,New Delhi,Delhi,110087,Dermatology,Cardiology,207N00000X,Maulana Azad Medical College,1997,HOSP-0017,Y,2012-07-07,Inactive,
PRAC-1194,Myra Vasa,MCI/KAR/35362,5324289131,2027-11-29,1989-09-09,Other,424005063556,98263483694,myra.doc58@clinic.com,H.No. 526 Kothari Path,Vig Marg,Bangalore,Karnataka,585432,General Practice,General Surgery,208D00000X,Maulana Azad Medical College,2014,HOSP-0005,Y,2024-06-04,Inactive,
PRAC-1195,Jivin Chana,MCI/KAR/31093,4273440690,2025-12-21,1991-06-11,Male,052359627826,99508201018,jivin.doc33@clinic.com,H.No. 76 DAlia Road,Batra Path,Mysore,Karnataka,564262,Neurology,General Practice,2084N0400X,Armed Forces Medical College,2015,HOSP-0030,Y,2024-07-02,Active,
PRAC-1196,Ryan Ghose,MCI/WES/85061,5976491778,2027-07-21,1996-06-14,Male,106598509558,99362919975,ryan.doc46@clinic.com,06/784 Saha Chowk,Kannan Marg,Howrah,West Bengal,764297,Orthopedic Surgery,Oncology,207X00000X,Maulana Azad Medical College,2025,HOSP-0021,Y,2027-01-01,Active,
PRAC-1197,Taran Basu,MCI/WES/55796,6885293656,2030-06-09,1978-04-06,Male,286654004698,97950038526,taran.doc28@clinic.com,32/74 Ravi,,Howrah,West Bengal,712051,Neurology,General Surgery,2084N0400X,Armed Forces Medical College,2002,HOSP-0024,N,2025-06-29,Active,
PRAC-1198,Shray Tandon,MCI/KAR/94182,1203893355,2028-08-10,1996-10-08,Male,116349831769,99635826143,shray.doc80@clinic.com,19/30 Bala Marg,Chahal Road,Mysore,Karnataka,567875,General Practice,Cardiology,208D00000X,All India Institute of Medical Sciences,2024,HOSP-0044,N,2026-01-01,Active,
PRAC-1199,Tiya Anne,MCI/KAR/77746,0870200383,2029-03-27,1961-04-08,Female,595084377556,98610432533,tiya.doc66@clinic.com,86/444- Comar Chowk,,Bangalore,Karnataka,589862,Neurology,General Practice,2084N0400X,JIPMER,1989,HOSP-0003,N,2001-07-06,Active,
